match_id,Season,total_runs
1,IPL-2017,379
2,IPL-2017,371
3,IPL-2017,367
4,IPL-2017,327
5,IPL-2017,299
6,IPL-2017,275
7,IPL-2017,358
8,IPL-2017,298
9,IPL-2017,313
10,IPL-2017,317
11,IPL-2017,341
12,IPL-2017,287
13,IPL-2017,343
14,IPL-2017,327
15,IPL-2017,325
16,IPL-2017,353
17,IPL-2017,295
18,IPL-2017,337
19,IPL-2017,313
20,IPL-2017,405
21,IPL-2017,367
22,IPL-2017,397
23,IPL-2017,375
24,IPL-2017,270
25,IPL-2017,355
26,IPL-2017,350
27,IPL-2017,180
28,IPL-2017,317
29,IPL-2017,366
30,IPL-2017,269
31,IPL-2017,321
32,IPL-2017,388
33,IPL-2017,253
34,IPL-2017,323
35,IPL-2017,135
36,IPL-2017,370
37,IPL-2017,327
38,IPL-2017,328
39,IPL-2017,374
40,IPL-2017,313
41,IPL-2017,422
42,IPL-2017,257
43,IPL-2017,284
44,IPL-2017,278
45,IPL-2017,317
46,IPL-2017,381
47,IPL-2017,278
48,IPL-2017,320
49,IPL-2017,392
50,IPL-2017,453
51,IPL-2017,329
52,IPL-2017,312
53,IPL-2017,337
54,IPL-2017,151
55,IPL-2017,312
56,IPL-2017,304
57,IPL-2017,176
58,IPL-2017,218
59,IPL-2017,257
60,IPL-2008,304
61,IPL-2008,447
62,IPL-2008,261
63,IPL-2008,331
64,IPL-2008,222
65,IPL-2008,334
66,IPL-2008,285
67,IPL-2008,410
68,IPL-2008,431
69,IPL-2008,298
70,IPL-2008,273
71,IPL-2008,299
72,IPL-2008,309
73,IPL-2008,320
74,IPL-2008,343
75,IPL-2008,275
76,IPL-2008,372
77,IPL-2008,331
78,IPL-2008,347
79,IPL-2008,341
80,IPL-2008,336
81,IPL-2008,347
82,IPL-2008,295
83,IPL-2008,219
84,IPL-2008,253
85,IPL-2008,292
86,IPL-2008,207
87,IPL-2008,375
88,IPL-2008,253
89,IPL-2008,281
90,IPL-2008,248
91,IPL-2008,344
92,IPL-2008,385
93,IPL-2008,315
94,IPL-2008,287
95,IPL-2008,243
96,IPL-2008,314
97,IPL-2008,401
98,IPL-2008,376
99,IPL-2008,135
100,IPL-2008,212
101,IPL-2008,329
102,IPL-2008,331
103,IPL-2008,204
104,IPL-2008,312
105,IPL-2008,297
106,IPL-2008,377
107,IPL-2008,238
108,IPL-2008,353
109,IPL-2008,355
110,IPL-2008,412
111,IPL-2008,309
112,IPL-2008,349
113,IPL-2008,291
114,IPL-2008,295
115,IPL-2008,279
116,IPL-2008,228
117,IPL-2008,327
118,IPL-2009,311
119,IPL-2009,191
120,IPL-2009,162
121,IPL-2009,205
122,IPL-2009,266
123,IPL-2009,237
124,IPL-2009,344
125,IPL-2009,369
126,IPL-2009,333
127,IPL-2009,341
128,IPL-2009,324
129,IPL-2009,299
130,IPL-2009,251
131,IPL-2009,334
132,IPL-2009,282
133,IPL-2009,290
134,IPL-2009,282
135,IPL-2009,235
136,IPL-2009,298
137,IPL-2009,290
138,IPL-2009,287
139,IPL-2009,282
140,IPL-2009,283
141,IPL-2009,308
142,IPL-2009,307
143,IPL-2009,299
144,IPL-2009,278
145,IPL-2009,344
146,IPL-2009,311
147,IPL-2009,271
148,IPL-2009,212
149,IPL-2009,359
150,IPL-2009,234
151,IPL-2009,337
152,IPL-2009,281
153,IPL-2009,298
154,IPL-2009,248
155,IPL-2009,279
156,IPL-2009,349
157,IPL-2009,241
158,IPL-2009,334
159,IPL-2009,261
160,IPL-2009,288
161,IPL-2009,243
162,IPL-2009,298
163,IPL-2009,326
164,IPL-2009,267
165,IPL-2009,286
166,IPL-2009,377
167,IPL-2009,269
168,IPL-2009,203
169,IPL-2009,208
170,IPL-2009,331
171,IPL-2009,328
172,IPL-2009,307
173,IPL-2009,295
174,IPL-2009,280
175,IPL-2010,311
176,IPL-2010,420
177,IPL-2010,288
178,IPL-2010,271
179,IPL-2010,349
180,IPL-2010,283
181,IPL-2010,407
182,IPL-2010,273
183,IPL-2010,338
184,IPL-2010,185
185,IPL-2010,375
186,IPL-2010,334
187,IPL-2010,302
188,IPL-2010,306
189,IPL-2010,332
190,IPL-2010,291
191,IPL-2010,311
192,IPL-2010,306
193,IPL-2010,335
194,IPL-2010,361
195,IPL-2010,299
196,IPL-2010,327
197,IPL-2010,349
198,IPL-2010,337
199,IPL-2010,303
200,IPL-2010,314
201,IPL-2010,327
202,IPL-2010,323
203,IPL-2010,309
204,IPL-2010,338
205,IPL-2010,365
206,IPL-2010,469
207,IPL-2010,293
208,IPL-2010,404
209,IPL-2010,331
210,IPL-2010,316
211,IPL-2010,306
212,IPL-2010,310
213,IPL-2010,348
214,IPL-2010,370
215,IPL-2010,312
216,IPL-2010,277
217,IPL-2010,322
218,IPL-2010,223
219,IPL-2010,311
220,IPL-2010,289
221,IPL-2010,326
222,IPL-2010,282
223,IPL-2010,262
224,IPL-2010,225
225,IPL-2010,352
226,IPL-2010,325
227,IPL-2010,265
228,IPL-2010,387
229,IPL-2010,279
230,IPL-2010,268
231,IPL-2010,333
232,IPL-2010,246
233,IPL-2010,168
234,IPL-2010,314
235,IPL-2011,304
236,IPL-2011,278
237,IPL-2011,323
238,IPL-2011,194
239,IPL-2011,225
240,IPL-2011,317
241,IPL-2011,303
242,IPL-2011,283
243,IPL-2011,381
244,IPL-2011,299
245,IPL-2011,317
246,IPL-2011,319
247,IPL-2011,366
248,IPL-2011,345
249,IPL-2011,331
250,IPL-2011,377
251,IPL-2011,166
252,IPL-2011,266
253,IPL-2011,320
254,IPL-2011,242
255,IPL-2011,258
256,IPL-2011,342
257,IPL-2011,320
258,IPL-2011,346
259,IPL-2011,433
260,IPL-2011,307
261,IPL-2011,220
262,IPL-2011,259
263,IPL-2011,321
264,IPL-2011,286
265,IPL-2011,203
266,IPL-2011,279
267,IPL-2011,189
268,IPL-2011,336
269,IPL-2011,276
270,IPL-2011,239
271,IPL-2011,287
272,IPL-2011,311
273,IPL-2011,295
274,IPL-2011,281
275,IPL-2011,318
276,IPL-2011,296
277,IPL-2011,299
278,IPL-2011,295
279,IPL-2011,354
280,IPL-2011,325
281,IPL-2011,175
282,IPL-2011,324
283,IPL-2011,253
284,IPL-2011,239
285,IPL-2011,329
286,IPL-2011,273
287,IPL-2011,250
288,IPL-2011,297
289,IPL-2011,334
290,IPL-2011,359
291,IPL-2011,194
292,IPL-2011,260
293,IPL-2011,311
294,IPL-2011,195
295,IPL-2011,274
296,IPL-2011,353
297,IPL-2011,293
298,IPL-2011,237
299,IPL-2011,267
300,IPL-2011,314
301,IPL-2011,56
302,IPL-2011,257
303,IPL-2011,353
304,IPL-2011,352
305,IPL-2011,295
306,IPL-2011,327
307,IPL-2011,352
308,IPL-2012,227
309,IPL-2012,197
310,IPL-2012,230
311,IPL-2012,351
312,IPL-2012,294
313,IPL-2012,312
314,IPL-2012,306
315,IPL-2012,310
316,IPL-2012,280
317,IPL-2012,288
318,IPL-2012,221
319,IPL-2012,367
320,IPL-2012,413
321,IPL-2012,231
322,IPL-2012,268
323,IPL-2012,319
324,IPL-2012,311
325,IPL-2012,266
326,IPL-2012,331
327,IPL-2012,185
328,IPL-2012,393
329,IPL-2012,368
330,IPL-2012,251
331,IPL-2012,380
332,IPL-2012,315
333,IPL-2012,329
334,IPL-2012,293
335,IPL-2012,364
336,IPL-2012,327
337,IPL-2012,253
338,IPL-2012,332
339,IPL-2012,294
340,IPL-2012,339
341,IPL-2012,336
342,IPL-2012,377
343,IPL-2012,305
344,IPL-2012,333
345,IPL-2012,303
346,IPL-2012,201
347,IPL-2012,279
348,IPL-2012,359
349,IPL-2012,285
350,IPL-2012,321
351,IPL-2012,239
352,IPL-2012,310
353,IPL-2012,293
354,IPL-2012,311
355,IPL-2012,347
356,IPL-2012,366
357,IPL-2012,307
358,IPL-2012,251
359,IPL-2012,315
360,IPL-2012,283
361,IPL-2012,253
362,IPL-2012,311
363,IPL-2012,337
364,IPL-2012,229
365,IPL-2012,295
366,IPL-2012,384
367,IPL-2012,344
368,IPL-2012,318
369,IPL-2012,276
370,IPL-2012,248
371,IPL-2012,243
372,IPL-2012,409
373,IPL-2012,254
374,IPL-2012,286
375,IPL-2012,238
376,IPL-2012,255
377,IPL-2012,325
378,IPL-2012,306
379,IPL-2012,336
380,IPL-2012,358
381,IPL-2012,382
382,IPL-2013,257
383,IPL-2013,310
384,IPL-2013,230
385,IPL-2013,325
386,IPL-2013,287
387,IPL-2013,199
388,IPL-2013,295
389,IPL-2013,269
390,IPL-2013,374
391,IPL-2013,277
392,IPL-2013,312
393,IPL-2013,293
394,IPL-2013,229
395,IPL-2013,325
396,IPL-2013,331
397,IPL-2013,312
398,IPL-2013,250
399,IPL-2013,294
400,IPL-2013,310
401,IPL-2013,330
402,IPL-2013,227
403,IPL-2013,271
404,IPL-2013,252
405,IPL-2013,250
406,IPL-2013,243
407,IPL-2013,240
408,IPL-2013,326
409,IPL-2013,371
410,IPL-2013,371
411,IPL-2013,396
412,IPL-2013,335
413,IPL-2013,321
414,IPL-2013,319
415,IPL-2013,299
416,IPL-2013,290
417,IPL-2013,330
418,IPL-2013,386
419,IPL-2013,313
420,IPL-2013,344
421,IPL-2013,344
422,IPL-2013,291
423,IPL-2013,259
424,IPL-2013,273
425,IPL-2013,357
426,IPL-2013,357
427,IPL-2013,265
428,IPL-2013,161
429,IPL-2013,350
430,IPL-2013,218
431,IPL-2013,360
432,IPL-2013,323
433,IPL-2013,309
434,IPL-2013,275
435,IPL-2013,369
436,IPL-2013,292
437,IPL-2013,258
438,IPL-2013,362
439,IPL-2013,228
440,IPL-2013,270
441,IPL-2013,231
442,IPL-2013,285
443,IPL-2013,241
444,IPL-2013,362
445,IPL-2013,333
446,IPL-2013,303
447,IPL-2013,318
448,IPL-2013,384
449,IPL-2013,249
450,IPL-2013,316
451,IPL-2013,306
452,IPL-2013,188
453,IPL-2013,262
454,IPL-2013,336
455,IPL-2013,267
456,IPL-2013,334
457,IPL-2013,273
458,IPL-2014,285
459,IPL-2014,291
460,IPL-2014,411
461,IPL-2014,268
462,IPL-2014,231
463,IPL-2014,333
464,IPL-2014,384
465,IPL-2014,261
466,IPL-2014,314
467,IPL-2014,273
468,IPL-2014,298
469,IPL-2014,364
470,IPL-2014,283
471,IPL-2014,141
472,IPL-2014,241
473,IPL-2014,251
474,IPL-2014,291
475,IPL-2014,251
476,IPL-2014,326
477,IPL-2014,329
478,IPL-2014,262
479,IPL-2014,338
480,IPL-2014,308
481,IPL-2014,313
482,IPL-2014,330
483,IPL-2014,359
484,IPL-2014,355
485,IPL-2014,321
486,IPL-2014,418
487,IPL-2014,236
488,IPL-2014,364
489,IPL-2014,187
490,IPL-2014,317
491,IPL-2014,299
492,IPL-2014,381
493,IPL-2014,317
494,IPL-2014,297
495,IPL-2014,356
496,IPL-2014,416
497,IPL-2014,283
498,IPL-2014,340
499,IPL-2014,280
500,IPL-2014,288
501,IPL-2014,331
502,IPL-2014,329
503,IPL-2014,321
504,IPL-2014,310
505,IPL-2014,315
506,IPL-2014,360
507,IPL-2014,374
508,IPL-2014,331
509,IPL-2014,342
510,IPL-2014,314
511,IPL-2014,321
512,IPL-2014,234
513,IPL-2014,384
514,IPL-2014,298
515,IPL-2014,349
516,IPL-2014,428
517,IPL-2014,399
518,IPL-2015,338
519,IPL-2015,299
520,IPL-2015,298
521,IPL-2015,373
522,IPL-2015,356
523,IPL-2015,370
524,IPL-2015,336
525,IPL-2015,338
526,IPL-2015,329
527,IPL-2015,334
528,IPL-2015,334
529,IPL-2015,258
530,IPL-2015,372
531,IPL-2015,330
532,IPL-2015,314
533,IPL-2015,313
534,IPL-2015,400
535,IPL-2015,293
536,IPL-2015,403
537,IPL-2015,277
538,IPL-2015,335
539,IPL-2015,343
540,IPL-2015,264
541,IPL-2015,294
542,IPL-2015,287
543,IPL-2015,194
544,IPL-2015,280
545,IPL-2015,329
546,IPL-2015,200
547,IPL-2015,266
548,IPL-2015,237
549,IPL-2015,366
550,IPL-2015,226
551,IPL-2015,362
552,IPL-2015,321
553,IPL-2015,364
554,IPL-2015,272
555,IPL-2015,299
556,IPL-2015,305
557,IPL-2015,314
558,IPL-2015,395
559,IPL-2015,317
560,IPL-2015,367
561,IPL-2015,320
562,IPL-2015,431
563,IPL-2015,302
564,IPL-2015,365
565,IPL-2015,239
566,IPL-2015,190
567,IPL-2015,337
568,IPL-2015,218
569,IPL-2015,264
570,IPL-2015,389
571,IPL-2015,189
572,IPL-2015,227
573,IPL-2015,349
574,IPL-2015,289
575,IPL-2015,279
576,IPL-2015,363
577,IPL-2016,247
578,IPL-2016,197
579,IPL-2016,323
580,IPL-2016,409
581,IPL-2016,375
582,IPL-2016,327
583,IPL-2016,224
584,IPL-2016,288
585,IPL-2016,290
586,IPL-2016,305
587,IPL-2016,383
588,IPL-2016,287
589,IPL-2016,279
590,IPL-2016,341
591,IPL-2016,272
592,IPL-2016,357
593,IPL-2016,318
594,IPL-2016,289
595,IPL-2016,362
596,IPL-2016,322
597,IPL-2016,353
598,IPL-2016,212
599,IPL-2016,343
600,IPL-2016,352
601,IPL-2016,391
602,IPL-2016,345
603,IPL-2016,373
604,IPL-2016,285
605,IPL-2016,320
606,IPL-2016,374
607,IPL-2016,299
608,IPL-2016,321
609,IPL-2016,328
610,IPL-2016,255
611,IPL-2016,386
612,IPL-2016,353
613,IPL-2016,269
614,IPL-2016,322
615,IPL-2016,349
616,IPL-2016,270
617,IPL-2016,304
618,IPL-2016,296
619,IPL-2016,251
620,IPL-2016,352
621,IPL-2016,169
622,IPL-2016,359
623,IPL-2016,332
624,IPL-2016,369
625,IPL-2016,197
626,IPL-2016,331
627,IPL-2016,249
628,IPL-2016,319
629,IPL-2016,345
630,IPL-2016,345
631,IPL-2016,320
632,IPL-2016,277
633,IPL-2016,317
634,IPL-2016,302
635,IPL-2016,325
636,IPL-2016,408
7894,IPL-2018,345
7895,IPL-2018,340
7896,IPL-2018,372
7897,IPL-2018,268
7898,IPL-2018,419
7899,IPL-2018,219
7900,IPL-2018,310
7901,IPL-2018,324
7902,IPL-2018,401
7903,IPL-2018,289
7904,IPL-2018,435
7905,IPL-2018,404
7906,IPL-2018,342
7907,IPL-2018,403
7908,IPL-2018,331
7909,IPL-2018,392
7910,IPL-2018,358
7911,IPL-2018,328
7912,IPL-2018,366
7913,IPL-2018,366
7914,IPL-2018,346
7915,IPL-2018,305
7916,IPL-2018,219
7917,IPL-2018,431
7918,IPL-2018,261
7919,IPL-2018,391
7920,IPL-2018,356
7921,IPL-2018,293
7922,IPL-2018,369
7923,IPL-2018,424
7924,IPL-2018,349
7925,IPL-2018,353
7926,IPL-2018,376
7927,IPL-2018,366
7928,IPL-2018,266
7929,IPL-2018,336
7930,IPL-2018,364
7931,IPL-2018,318
7932,IPL-2018,301
7933,IPL-2018,310
7934,IPL-2018,326
7935,IPL-2018,383
7936,IPL-2018,368
7937,IPL-2018,471
7938,IPL-2018,386
7939,IPL-2018,373
7940,IPL-2018,358
7941,IPL-2018,189
7942,IPL-2018,291
7943,IPL-2018,389
7944,IPL-2018,431
7945,IPL-2018,301
7946,IPL-2018,306
7947,IPL-2018,363
7948,IPL-2018,356
7949,IPL-2018,332
7950,IPL-2018,293
7951,IPL-2018,324
7952,IPL-2018,342
7953,IPL-2018,373
11137,IPL-2019,150
11138,IPL-2019,376
11139,IPL-2019,404
11140,IPL-2019,375
11141,IPL-2019,311
11142,IPL-2019,419
11143,IPL-2019,383
11144,IPL-2019,410
11145,IPL-2019,372
11146,IPL-2019,399
11147,IPL-2019,353
11148,IPL-2019,356
11149,IPL-2019,338
11150,IPL-2019,337
11151,IPL-2019,323
11152,IPL-2019,276
11153,IPL-2019,429
11309,IPL-2019,307
11310,IPL-2019,244
11311,IPL-2019,318
11312,IPL-2019,301
11313,IPL-2019,310
11314,IPL-2019,231
11315,IPL-2019,414
11316,IPL-2019,322
11317,IPL-2019,366
11318,IPL-2019,383
11319,IPL-2019,355
11320,IPL-2019,334
11321,IPL-2019,285
11322,IPL-2019,357
11323,IPL-2019,370
11324,IPL-2019,279
11325,IPL-2019,310
11326,IPL-2019,438
11327,IPL-2019,338
11328,IPL-2019,345
11329,IPL-2019,331
11330,IPL-2019,337
11331,IPL-2019,390
11332,IPL-2019,364
11333,IPL-2019,402
11334,IPL-2019,367
11335,IPL-2019,275
11336,IPL-2019,335
11337,IPL-2019,368
11338,IPL-2019,443
11339,IPL-2019,406
11340,IPL-2019,107
11341,IPL-2019,285
11342,IPL-2019,351
11343,IPL-2019,378
11344,IPL-2019,250
11345,IPL-2019,366
11346,IPL-2019,359
11347,IPL-2019,280
11412,IPL-2019,276
11413,IPL-2019,341
11414,IPL-2019,317
11415,IPL-2019,309
